{"nm":"Coupon 3","mn":"","layers":[{"ty":4,"nm":"Coupon","mn":"","sr":1,"st":0,"op":300,"ip":0,"hd":false,"cl":"","ln":"","ddd":0,"bm":0,"hasMask":false,"ao":0,"ks":{"a":{"a":0,"k":[250,306.278,0],"ix":1},"s":{"a":1,"k":[{"o":{"x":0,"y":0},"i":{"x":1,"y":1},"s":[0,0,100],"t":8},{"o":{"x":0,"y":0},"i":{"x":1,"y":1},"s":[100,100,100],"t":10},{"o":{"x":0,"y":0},"i":{"x":1,"y":1},"s":[116.925,116.925,100],"t":11},{"o":{"x":0,"y":0},"i":{"x":1,"y":1},"s":[126.641,126.641,100],"t":12},{"o":{"x":0,"y":0},"i":{"x":1,"y":1},"s":[130.588,130.588,100],"t":13},{"o":{"x":0,"y":0},"i":{"x":1,"y":1},"s":[130.289,130.289,100],"t":14},{"o":{"x":0,"y":0},"i":{"x":1,"y":1},"s":[127.172,127.172,100],"t":15},{"o":{"x":0,"y":0},"i":{"x":1,"y":1},"s":[122.466,122.466,100],"t":16},{"o":{"x":0,"y":0},"i":{"x":1,"y":1},"s":[117.148,117.148,100],"t":17},{"o":{"x":0,"y":0},"i":{"x":1,"y":1},"s":[111.932,111.932,100],"t":18},{"o":{"x":0,"y":0},"i":{"x":1,"y":1},"s":[107.287,107.287,100],"t":19},{"o":{"x":0,"y":0},"i":{"x":1,"y":1},"s":[103.472,103.472,100],"t":20},{"o":{"x":0,"y":0},"i":{"x":1,"y":1},"s":[100.58,100.58,100],"t":21},{"o":{"x":0,"y":0},"i":{"x":1,"y":1},"s":[98.585,98.585,100],"t":22},{"o":{"x":0,"y":0},"i":{"x":1,"y":1},"s":[97.385,97.385,100],"t":23},{"o":{"x":0,"y":0},"i":{"x":1,"y":1},"s":[96.832,96.832,100],"t":24},{"o":{"x":0,"y":0},"i":{"x":1,"y":1},"s":[96.766,96.766,100],"t":25},{"o":{"x":0,"y":0},"i":{"x":1,"y":1},"s":[97.034,97.034,100],"t":26},{"o":{"x":0,"y":0},"i":{"x":1,"y":1},"s":[97.499,97.499,100],"t":27},{"o":{"x":0,"y":0},"i":{"x":1,"y":1},"s":[98.051,98.051,100],"t":28},{"o":{"x":0,"y":0},"i":{"x":1,"y":1},"s":[98.609,98.609,100],"t":29},{"o":{"x":0,"y":0},"i":{"x":1,"y":1},"s":[99.117,99.117,100],"t":30},{"o":{"x":0,"y":0},"i":{"x":1,"y":1},"s":[99.543,99.543,100],"t":31},{"o":{"x":0,"y":0},"i":{"x":1,"y":1},"s":[99.872,99.872,100],"t":32},{"o":{"x":0,"y":0},"i":{"x":1,"y":1},"s":[100.105,100.105,100],"t":33},{"o":{"x":0,"y":0},"i":{"x":1,"y":1},"s":[100.251,100.251,100],"t":34},{"o":{"x":0,"y":0},"i":{"x":1,"y":1},"s":[100.161,100.161,100],"t":40},{"o":{"x":0,"y":0},"i":{"x":1,"y":1},"s":[100.106,100.106,100],"t":41},{"o":{"x":0,"y":0},"i":{"x":1,"y":1},"s":[100.021,100.021,100],"t":43}]},"sk":{"a":0,"k":0},"p":{"a":0,"k":[250,306.278,0],"ix":2},"sa":{"a":0,"k":0},"o":{"a":0,"k":100,"ix":11},"r":{"a":1,"k":[{"o":{"x":0,"y":0},"i":{"x":1,"y":1},"s":[30],"t":9},{"o":{"x":0,"y":0},"i":{"x":1,"y":1},"s":[0],"t":12},{"o":{"x":0,"y":0},"i":{"x":1,"y":1},"s":[-3.385],"t":13},{"o":{"x":0,"y":0},"i":{"x":1,"y":1},"s":[-5.328],"t":14},{"o":{"x":0,"y":0},"i":{"x":1,"y":1},"s":[-6.118],"t":15},{"o":{"x":0,"y":0},"i":{"x":1,"y":1},"s":[-6.058],"t":16},{"o":{"x":0,"y":0},"i":{"x":1,"y":1},"s":[-5.434],"t":17},{"o":{"x":0,"y":0},"i":{"x":1,"y":1},"s":[-4.493],"t":18},{"o":{"x":0,"y":0},"i":{"x":1,"y":1},"s":[-3.43],"t":19},{"o":{"x":0,"y":0},"i":{"x":1,"y":1},"s":[-2.386],"t":20},{"o":{"x":0,"y":0},"i":{"x":1,"y":1},"s":[-1.457],"t":21},{"o":{"x":0,"y":0},"i":{"x":1,"y":1},"s":[-0.694],"t":22},{"o":{"x":0,"y":0},"i":{"x":1,"y":1},"s":[-0.116],"t":23},{"o":{"x":0,"y":0},"i":{"x":1,"y":1},"s":[0.283],"t":24},{"o":{"x":0,"y":0},"i":{"x":1,"y":1},"s":[0.523],"t":25},{"o":{"x":0,"y":0},"i":{"x":1,"y":1},"s":[0.634],"t":26},{"o":{"x":0,"y":0},"i":{"x":1,"y":1},"s":[0.647],"t":27},{"o":{"x":0,"y":0},"i":{"x":1,"y":1},"s":[0.593],"t":28},{"o":{"x":0,"y":0},"i":{"x":1,"y":1},"s":[0.5],"t":29},{"o":{"x":0,"y":0},"i":{"x":1,"y":1},"s":[0.39],"t":30},{"o":{"x":0,"y":0},"i":{"x":1,"y":1},"s":[0.278],"t":31},{"o":{"x":0,"y":0},"i":{"x":1,"y":1},"s":[0.177],"t":32},{"o":{"x":0,"y":0},"i":{"x":1,"y":1},"s":[0.091],"t":33},{"o":{"x":0,"y":0},"i":{"x":1,"y":1},"s":[0.026],"t":34},{"o":{"x":0,"y":0},"i":{"x":1,"y":1},"s":[-0.021],"t":35},{"o":{"x":0,"y":0},"i":{"x":1,"y":1},"s":[-0.05],"t":36},{"o":{"x":0,"y":0},"i":{"x":1,"y":1},"s":[-0.065],"t":37},{"o":{"x":0,"y":0},"i":{"x":1,"y":1},"s":[-0.069],"t":38},{"o":{"x":0,"y":0},"i":{"x":1,"y":1},"s":[-0.064],"t":39},{"o":{"x":0,"y":0},"i":{"x":1,"y":1},"s":[-0.055],"t":40},{"o":{"x":0,"y":0},"i":{"x":1,"y":1},"s":[-0.044],"t":41},{"o":{"x":0,"y":0},"i":{"x":1,"y":1},"s":[-0.032],"t":42},{"o":{"x":0,"y":0},"i":{"x":1,"y":1},"s":[-0.021],"t":43},{"o":{"x":0,"y":0},"i":{"x":1,"y":1},"s":[-0.012],"t":44},{"o":{"x":0,"y":0},"i":{"x":1,"y":1},"s":[-0.004],"t":45},{"o":{"x":0,"y":0},"i":{"x":1,"y":1},"s":[0.001],"t":46},{"o":{"x":0,"y":0},"i":{"x":1,"y":1},"s":[0.005],"t":47},{"o":{"x":0,"y":0},"i":{"x":1,"y":1},"s":[0.007],"t":48},{"o":{"x":0,"y":0},"i":{"x":1,"y":1},"s":[0.007],"t":49},{"o":{"x":0,"y":0},"i":{"x":1,"y":1},"s":[0.007],"t":50},{"o":{"x":0,"y":0},"i":{"x":1,"y":1},"s":[0.006],"t":51},{"o":{"x":0,"y":0},"i":{"x":1,"y":1},"s":[0.005],"t":52},{"o":{"x":0,"y":0},"i":{"x":1,"y":1},"s":[0.004],"t":53},{"o":{"x":0,"y":0},"i":{"x":1,"y":1},"s":[0.003],"t":54},{"o":{"x":0,"y":0},"i":{"x":1,"y":1},"s":[0.001],"t":55},{"o":{"x":0,"y":0},"i":{"x":1,"y":1},"s":[0.001],"t":56},{"o":{"x":0,"y":0},"i":{"x":1,"y":1},"s":[0],"t":57},{"o":{"x":0,"y":0},"i":{"x":1,"y":1},"s":[0],"t":58},{"o":{"x":0,"y":0},"i":{"x":1,"y":1},"s":[-0.001],"t":59}]}},"ef":[{"ty":5,"mn":"Pseudo/MDS Elastic Controller","nm":"Elastic Controller","ix":1,"en":1,"ef":[{"ty":0,"mn":"Pseudo/MDS Elastic Controller-0001","nm":"Amplitude","ix":1,"v":{"a":0,"k":10,"ix":1}},{"ty":0,"mn":"Pseudo/MDS Elastic Controller-0002","nm":"Frequency","ix":2,"v":{"a":0,"k":40,"ix":2}},{"ty":0,"mn":"Pseudo/MDS Elastic Controller-0003","nm":"Decay","ix":3,"v":{"a":0,"k":60,"ix":3}}]}],"shapes":[{"ty":"gr","bm":0,"cl":"","ln":"","hd":false,"mn":"ADBE Vector Group","nm":"Star","ix":1,"cix":2,"np":2,"it":[{"ty":"sh","bm":0,"cl":"","ln":"","hd":false,"mn":"ADBE Vector Shape - Group","nm":"Path 1","ix":1,"d":1,"ks":{"a":0,"k":{"c":true,"i":[[0,0],[8.143,-0.04],[6.612,4.754],[2.555,7.732],[-2.478,7.757],[-6.565,4.819],[-8.143,0.04],[-6.612,-4.754],[-2.555,-7.733],[2.478,-7.757],[6.565,-4.819]],"o":[[-6.565,4.819],[-8.143,0.037],[-6.612,-4.754],[-2.555,-7.733],[2.478,-7.757],[6.565,-4.819],[8.143,-0.037],[6.612,4.754],[2.554,7.732],[-2.478,7.757],[0,0]],"v":[[24.011,35.865],[0.181,29.455],[-23.585,36.099],[-24.852,11.454],[-38.516,-9.096],[-15.469,-17.917],[-0.147,-37.261],[15.364,-18.068],[38.497,-9.474],[25.036,11.209],[24.011,35.865]]},"ix":2}},{"ty":"fl","bm":0,"cl":"","ln":"","hd":false,"mn":"ADBE Vector Graphic - Fill","nm":"Fill 1","c":{"a":0,"k":[1,1,1],"ix":4},"r":1,"o":{"a":0,"k":100,"ix":5}},{"ty":"tr","a":{"a":0,"k":[0,0],"ix":1},"s":{"a":0,"k":[100,100],"ix":3},"sk":{"a":0,"k":0,"ix":4},"p":{"a":0,"k":[241.039,303.924],"ix":2},"r":{"a":0,"k":0,"ix":6},"sa":{"a":0,"k":0,"ix":5},"o":{"a":0,"k":100,"ix":7}}]},{"ty":"gr","bm":0,"cl":"","ln":"","hd":false,"mn":"ADBE Vector Group","nm":"Dash","ix":2,"cix":2,"np":5,"it":[{"ty":"sh","bm":0,"cl":"","ln":"","hd":false,"mn":"ADBE Vector Shape - Group","nm":"Path 1","ix":1,"d":1,"ks":{"a":0,"k":{"c":true,"i":[[6.667,0.003],[0.003,-6.667],[0,0],[0,0],[0,0]],"o":[[-6.667,0.002],[0,0],[0,0],[0,0],[-0.003,-6.667]],"v":[[0.002,67.958],[-7.241,80.029],[-7.241,88.722],[7.241,88.722],[7.241,80.029]]},"ix":2}},{"ty":"sh","bm":0,"cl":"","ln":"","hd":false,"mn":"ADBE Vector Shape - Group","nm":"Path 2","ix":2,"d":1,"ks":{"a":0,"k":{"c":true,"i":[[6.667,0.003],[0.003,-6.667],[0,0],[-6.667,-0.003],[-0.003,6.667],[0,0]],"o":[[-6.667,0.003],[0,0],[0.003,6.667],[6.667,-0.002],[0,0],[-0.003,-6.667]],"v":[[0.002,11.377],[-7.241,23.453],[-7.241,33.123],[0.002,45.198],[7.241,33.123],[7.241,23.453]]},"ix":2}},{"ty":"sh","bm":0,"cl":"","ln":"","hd":false,"mn":"ADBE Vector Shape - Group","nm":"Path 3","ix":3,"d":1,"ks":{"a":0,"k":{"c":true,"i":[[6.667,0.003],[0.003,-6.667],[0,0],[-6.667,-0.003],[-0.003,6.667],[0,0]],"o":[[-6.667,0.003],[0,0],[0.003,6.667],[6.667,-0.003],[0,0],[-0.003,-6.667]],"v":[[0.002,-45.198],[-7.241,-33.123],[-7.241,-23.453],[0.002,-11.378],[7.241,-23.453],[7.241,-33.123]]},"ix":2}},{"ty":"sh","bm":0,"cl":"","ln":"","hd":false,"mn":"ADBE Vector Shape - Group","nm":"Path 4","ix":4,"d":1,"ks":{"a":0,"k":{"c":true,"i":[[0,0],[0,0],[-6.667,-0.003],[-0.003,6.667],[0,0]],"o":[[0,0],[0.003,6.667],[6.667,-0.003],[0,0],[0,0]],"v":[[-7.241,-88.722],[-7.241,-80.029],[0.002,-67.958],[7.241,-80.029],[7.241,-88.722]]},"ix":2}},{"ty":"fl","bm":0,"cl":"","ln":"","hd":false,"mn":"ADBE Vector Graphic - Fill","nm":"Fill 1","c":{"a":0,"k":[1,1,1],"ix":4},"r":1,"o":{"a":0,"k":100,"ix":5}},{"ty":"tr","a":{"a":0,"k":[0,0],"ix":1},"s":{"a":0,"k":[100,100],"ix":3},"sk":{"a":0,"k":0,"ix":4},"p":{"a":0,"k":[322.528,306.278],"ix":2},"r":{"a":0,"k":0,"ix":6},"sa":{"a":0,"k":0,"ix":5},"o":{"a":0,"k":100,"ix":7}}]},{"ty":"gr","bm":0,"cl":"","ln":"","hd":false,"mn":"ADBE Vector Group","nm":"Pink Shape","ix":3,"cix":2,"np":2,"it":[{"ty":"sh","bm":0,"cl":"","ln":"","hd":false,"mn":"ADBE Vector Shape - Group","nm":"Path 1","ix":1,"d":1,"ks":{"a":0,"k":{"c":true,"i":[[-13.385,0],[0,0],[0,13.385],[0,0],[13.385,0],[0,0],[0,-13.385],[0,0]],"o":[[0,0],[13.385,0],[0,0],[0,-13.385],[0,0],[-13.385,0],[0,0],[0,13.385]],"v":[[-73.68,60.838],[73.68,60.838],[97.841,36.677],[97.841,-36.677],[73.68,-60.838],[-73.68,-60.838],[-97.841,-36.677],[-97.841,36.677]]},"ix":2}},{"ty":"fl","bm":0,"cl":"","ln":"","hd":false,"mn":"ADBE Vector Graphic - Fill","nm":"Fill 1","c":{"a":0,"k":[0,0.6471,0.7098],"ix":4},"r":1,"o":{"a":0,"k":100,"ix":5}},{"ty":"tr","a":{"a":0,"k":[0,0],"ix":1},"s":{"a":0,"k":[100,100],"ix":3},"sk":{"a":0,"k":0,"ix":4},"p":{"a":0,"k":[250,305.851],"ix":2},"r":{"a":0,"k":0,"ix":6},"sa":{"a":0,"k":0,"ix":5},"o":{"a":0,"k":100,"ix":7}}]},{"ty":"gr","bm":0,"cl":"","ln":"","hd":false,"mn":"ADBE Vector Group","nm":"Yellow Shape","ix":4,"cix":2,"np":2,"it":[{"ty":"sh","bm":0,"cl":"","ln":"","hd":false,"mn":"ADBE Vector Shape - Group","nm":"Path 1","ix":1,"d":1,"ks":{"a":0,"k":{"c":true,"i":[[0,0],[0,-13.385],[0,0],[-4.161,-1.396],[-3.432,-5.944],[5.557,-9.625],[6.172,-2.59],[0,-11.765],[0,0],[-13.385,0],[0,0],[0,13.385],[0,0],[4.03,1.412],[3.456,5.987],[-5.557,9.625],[-6.115,2.599],[0,11.31],[0,0],[13.385,0]],"o":[[-13.385,0],[0,0],[0,11.31],[6.115,2.599],[5.557,9.625],[-3.456,5.987],[-4.03,1.412],[0,0],[0,13.385],[0,0],[13.385,0],[0,0],[0,-11.765],[-6.172,-2.589],[-5.557,-9.625],[3.432,-5.944],[4.161,-1.396],[0,0],[0,-13.385],[0,0]],"v":[[-120.849,-88.722],[-145.01,-64.56],[-145.01,-43.561],[-132.844,-28.63],[-118.069,-15.554],[-118.069,15.554],[-132.976,28.687],[-145.01,44.929],[-145.01,64.56],[-120.849,88.722],[120.849,88.722],[145.01,64.56],[145.01,44.929],[132.976,28.687],[118.069,15.554],[118.069,-15.554],[132.844,-28.63],[145.01,-43.561],[145.01,-64.56],[120.849,-88.722]]},"ix":2}},{"ty":"fl","bm":0,"cl":"","ln":"","hd":false,"mn":"ADBE Vector Graphic - Fill","nm":"Fill 1","c":{"a":0,"k":[0.451,0.7608,0.8392],"ix":4},"r":1,"o":{"a":0,"k":100,"ix":5}},{"ty":"tr","a":{"a":0,"k":[0,0],"ix":1},"s":{"a":0,"k":[100,100],"ix":3},"sk":{"a":0,"k":0,"ix":4},"p":{"a":0,"k":[250,306.278],"ix":2},"r":{"a":0,"k":0,"ix":6},"sa":{"a":0,"k":0,"ix":5},"o":{"a":0,"k":100,"ix":7}}]}],"ind":1},{"ty":4,"nm":"Coupon 3","mn":"","sr":1,"st":3,"op":303,"ip":3,"hd":false,"cl":"","ln":"","ddd":0,"bm":0,"hasMask":true,"ao":0,"ks":{"a":{"a":0,"k":[216.288,217.499,0],"ix":1},"s":{"a":1,"k":[{"o":{"x":0,"y":0},"i":{"x":1,"y":1},"s":[100,100,100],"t":3},{"o":{"x":0,"y":0},"i":{"x":1,"y":1},"s":[100,100,100],"t":60}]},"sk":{"a":0,"k":0},"p":{"a":0,"k":[122.087,219.129,0],"ix":2},"sa":{"a":0,"k":0},"o":{"a":0,"k":100,"ix":11},"r":{"a":1,"k":[{"o":{"x":0,"y":0},"i":{"x":1,"y":1},"s":[0],"t":9},{"o":{"x":0,"y":0},"i":{"x":1,"y":1},"s":[-45],"t":13},{"o":{"x":0,"y":0},"i":{"x":1,"y":1},"s":[-52.616],"t":14},{"o":{"x":0,"y":0},"i":{"x":1,"y":1},"s":[-56.989],"t":15},{"o":{"x":0,"y":0},"i":{"x":1,"y":1},"s":[-58.765],"t":16},{"o":{"x":0,"y":0},"i":{"x":1,"y":1},"s":[-58.63],"t":17},{"o":{"x":0,"y":0},"i":{"x":1,"y":1},"s":[-57.227],"t":18},{"o":{"x":0,"y":0},"i":{"x":1,"y":1},"s":[-55.11],"t":19},{"o":{"x":0,"y":0},"i":{"x":1,"y":1},"s":[-52.717],"t":20},{"o":{"x":0,"y":0},"i":{"x":1,"y":1},"s":[-50.37],"t":21},{"o":{"x":0,"y":0},"i":{"x":1,"y":1},"s":[-48.279],"t":22},{"o":{"x":0,"y":0},"i":{"x":1,"y":1},"s":[-46.562],"t":23},{"o":{"x":0,"y":0},"i":{"x":1,"y":1},"s":[-45.261],"t":24},{"o":{"x":0,"y":0},"i":{"x":1,"y":1},"s":[-44.363],"t":25},{"o":{"x":0,"y":0},"i":{"x":1,"y":1},"s":[-43.823],"t":26},{"o":{"x":0,"y":0},"i":{"x":1,"y":1},"s":[-43.574],"t":27},{"o":{"x":0,"y":0},"i":{"x":1,"y":1},"s":[-43.545],"t":28},{"o":{"x":0,"y":0},"i":{"x":1,"y":1},"s":[-43.665],"t":29},{"o":{"x":0,"y":0},"i":{"x":1,"y":1},"s":[-43.874],"t":30},{"o":{"x":0,"y":0},"i":{"x":1,"y":1},"s":[-44.123],"t":31},{"o":{"x":0,"y":0},"i":{"x":1,"y":1},"s":[-44.374],"t":32},{"o":{"x":0,"y":0},"i":{"x":1,"y":1},"s":[-44.603],"t":33},{"o":{"x":0,"y":0},"i":{"x":1,"y":1},"s":[-44.794],"t":34},{"o":{"x":0,"y":0},"i":{"x":1,"y":1},"s":[-44.942],"t":35},{"o":{"x":0,"y":0},"i":{"x":1,"y":1},"s":[-45.047],"t":36},{"o":{"x":0,"y":0},"i":{"x":1,"y":1},"s":[-45.113],"t":37},{"o":{"x":0,"y":0},"i":{"x":1,"y":1},"s":[-45.072],"t":43},{"o":{"x":0,"y":0},"i":{"x":1,"y":1},"s":[-45.048],"t":44},{"o":{"x":0,"y":0},"i":{"x":1,"y":1},"s":[-45.01],"t":46}]}},"ef":[{"ty":5,"mn":"Pseudo/MDS Elastic Controller","nm":"Elastic Controller","ix":1,"en":1,"ef":[{"ty":0,"mn":"Pseudo/MDS Elastic Controller-0001","nm":"Amplitude","ix":1,"v":{"a":0,"k":20,"ix":1}},{"ty":0,"mn":"Pseudo/MDS Elastic Controller-0002","nm":"Frequency","ix":2,"v":{"a":0,"k":40,"ix":2}},{"ty":0,"mn":"Pseudo/MDS Elastic Controller-0003","nm":"Decay","ix":3,"v":{"a":0,"k":60,"ix":3}}]}],"masksProperties":[{"nm":"Mask 1","mn":"","inv":false,"mode":"a","x":{"a":0,"k":0,"ix":4},"o":{"a":0,"k":100,"ix":3},"pt":{"a":0,"k":{"c":true,"i":[[0,0],[0,0],[0,0],[0,0]],"o":[[0,0],[0,0],[0,0],[0,0]],"v":[[420.261,168.305],[206.944,171.134],[257.127,417.806],[420.261,417.287]]},"ix":1}}],"shapes":[{"ty":"gr","bm":0,"cl":"","ln":"","hd":false,"mn":"ADBE Vector Group","nm":"Star","ix":1,"cix":2,"np":2,"it":[{"ty":"sh","bm":0,"cl":"","ln":"","hd":false,"mn":"ADBE Vector Shape - Group","nm":"Path 1","ix":1,"d":1,"ks":{"a":0,"k":{"c":true,"i":[[0,0],[8.143,-0.04],[6.612,4.754],[2.555,7.732],[-2.478,7.757],[-6.565,4.819],[-8.143,0.04],[-6.612,-4.754],[-2.555,-7.733],[2.478,-7.757],[6.565,-4.819]],"o":[[-6.565,4.819],[-8.143,0.037],[-6.612,-4.754],[-2.555,-7.733],[2.478,-7.757],[6.565,-4.819],[8.143,-0.037],[6.612,4.754],[2.554,7.732],[-2.478,7.757],[0,0]],"v":[[24.011,35.865],[0.181,29.455],[-23.585,36.099],[-24.852,11.454],[-38.516,-9.096],[-15.469,-17.917],[-0.147,-37.261],[15.364,-18.068],[38.497,-9.474],[25.036,11.209],[24.011,35.865]]},"ix":2}},{"ty":"fl","bm":0,"cl":"","ln":"","hd":false,"mn":"ADBE Vector Graphic - Fill","nm":"Fill 1","c":{"a":0,"k":[1,1,1],"ix":4},"r":1,"o":{"a":0,"k":100,"ix":5}},{"ty":"tr","a":{"a":0,"k":[0,0],"ix":1},"s":{"a":0,"k":[100,100],"ix":3},"sk":{"a":0,"k":0,"ix":4},"p":{"a":0,"k":[241.039,303.924],"ix":2},"r":{"a":0,"k":0,"ix":6},"sa":{"a":0,"k":0,"ix":5},"o":{"a":0,"k":100,"ix":7}}]},{"ty":"gr","bm":0,"cl":"","ln":"","hd":false,"mn":"ADBE Vector Group","nm":"Pink Shape","ix":3,"cix":2,"np":2,"it":[{"ty":"sh","bm":0,"cl":"","ln":"","hd":false,"mn":"ADBE Vector Shape - Group","nm":"Path 1","ix":1,"d":1,"ks":{"a":0,"k":{"c":true,"i":[[-13.385,0],[0,0],[0,13.385],[0,0],[13.385,0],[0,0],[0,-13.385],[0,0]],"o":[[0,0],[13.385,0],[0,0],[0,-13.385],[0,0],[-13.385,0],[0,0],[0,13.385]],"v":[[-73.68,60.838],[73.68,60.838],[97.841,36.677],[97.841,-36.677],[73.68,-60.838],[-73.68,-60.838],[-97.841,-36.677],[-97.841,36.677]]},"ix":2}},{"ty":"fl","bm":0,"cl":"","ln":"","hd":false,"mn":"ADBE Vector Graphic - Fill","nm":"Fill 1","c":{"a":0,"k":[0.9608,0.698,0.2118],"ix":4},"r":1,"o":{"a":0,"k":100,"ix":5}},{"ty":"tr","a":{"a":0,"k":[0,0],"ix":1},"s":{"a":0,"k":[100,100],"ix":3},"sk":{"a":0,"k":0,"ix":4},"p":{"a":0,"k":[250,305.851],"ix":2},"r":{"a":0,"k":0,"ix":6},"sa":{"a":0,"k":0,"ix":5},"o":{"a":0,"k":100,"ix":7}}]},{"ty":"gr","bm":0,"cl":"","ln":"","hd":false,"mn":"ADBE Vector Group","nm":"Yellow Shape","ix":4,"cix":2,"np":2,"it":[{"ty":"sh","bm":0,"cl":"","ln":"","hd":false,"mn":"ADBE Vector Shape - Group","nm":"Path 1","ix":1,"d":1,"ks":{"a":0,"k":{"c":true,"i":[[0,0],[0,-13.385],[0,0],[-4.161,-1.396],[-3.432,-5.944],[5.557,-9.625],[6.172,-2.59],[0,-11.765],[0,0],[-13.385,0],[0,0],[0,13.385],[0,0],[4.03,1.412],[3.456,5.987],[-5.557,9.625],[-6.115,2.599],[0,11.31],[0,0],[13.385,0]],"o":[[-13.385,0],[0,0],[0,11.31],[6.115,2.599],[5.557,9.625],[-3.456,5.987],[-4.03,1.412],[0,0],[0,13.385],[0,0],[13.385,0],[0,0],[0,-11.765],[-6.172,-2.589],[-5.557,-9.625],[3.432,-5.944],[4.161,-1.396],[0,0],[0,-13.385],[0,0]],"v":[[-120.849,-88.722],[-145.01,-64.56],[-145.01,-43.561],[-132.844,-28.63],[-118.069,-15.554],[-118.069,15.554],[-132.976,28.687],[-145.01,44.929],[-145.01,64.56],[-120.849,88.722],[120.849,88.722],[145.01,64.56],[145.01,44.929],[132.976,28.687],[118.069,15.554],[118.069,-15.554],[132.844,-28.63],[145.01,-43.561],[145.01,-64.56],[120.849,-88.722]]},"ix":2}},{"ty":"fl","bm":0,"cl":"","ln":"","hd":false,"mn":"ADBE Vector Graphic - Fill","nm":"Fill 1","c":{"a":0,"k":[1,0.8314,0.2784],"ix":4},"r":1,"o":{"a":0,"k":100,"ix":5}},{"ty":"tr","a":{"a":0,"k":[0,0],"ix":1},"s":{"a":0,"k":[100,100],"ix":3},"sk":{"a":0,"k":0,"ix":4},"p":{"a":0,"k":[250,306.278],"ix":2},"r":{"a":0,"k":0,"ix":6},"sa":{"a":0,"k":0,"ix":5},"o":{"a":0,"k":100,"ix":7}}]}],"ind":2,"parent":1}],"ddd":0,"h":500,"w":500,"meta":{"a":"","k":"","d":"","g":"@lottiefiles/toolkit-js 0.21.3","tc":"#000000"},"v":"5.8.1","fr":30,"op":61,"ip":0,"assets":[]}